0.434974227,0.877768418,0.592473359,0.380264814,0.799099639,1.360744033,0.134254084,1.286195905,-0.162416757,2.109175992,-1.00935621,0.610771542,,0.137573463,0.437914446,0.937026996,0.553935342,0.933013526
0.935316148,0.761401615,0.330179169,0.823591042,0.273320013,0.368504058,0.208146491,1.968337031,-0.591490865,2.118387026,-1.117897356,0.643461868,,0.151028327,0.417616459,0.367825333,0.900737904,0.516254943
0.082065912,0.677596962,0.931596385,0.312695127,0.592983967,1.803190425,1.101391565,0.878267983,-0.989367459,1.519232808,-1.945574494,0.022063567,,0.64392436,0.934219612,0.554969776,0.150303274,0.042582349
0.438915447,0.773731965,0.178125427,0.959190814,0.910540455,0.903522692,-0.512904167,1.94167291,0.304154036,2.146794808,-0.284434739,0.986187285,,0.988045794,0.617830285,0.713536754,0.965644607,0.890131277
0.204157839,0.052242347,0.088392106,0.864513999,0.930460592,0.420541748,-0.083308898,1.708089636,-0.708024392,1.379883118,-0.161955789,0.447915375,,0.219197777,0.18533548,0.946051453,0.937447043,0.182348606
0.673521773,0.625182975,0.685101939,0.572501635,0.133586543,1.086541761,0.995713088,1.159322794,-0.957351273,1.661782754,-1.850387527,0.389859656,,0.323067771,0.94100675,0.127419184,0.19116997,0.038032885
0.661997985,0.621119462,0.837394635,0.910821073,0.448191904,1.252368101,1.023788323,1.782399134,-1.274246922,1.948549512,-1.862147946,0.239576816,,0.859805387,0.884568381,0.710276969,0.652835748,0.580982641
0.320492984,0.687944049,0.678788488,0.702615385,0.988027403,1.458849796,0.253768734,1.640273147,-0.503482447,2.038212054,-0.983460401,0.421765804,,0.136535,0.571009515,0.211277115,0.082998312,0.1541369
0.855391372,0.868510125,0.760546375,0.067500563,0.188279791,0.982946995,0.998180457,0.986364326,-1.048534096,1.996655755,-1.951165049,0.317245617,,0.693410377,0.869802517,0.854723458,0.688884979,0.397028867
0.203711142,0.752204277,0.827101038,0.396039741,0.877347583,1.695052332,0.608184421,1.20658415,-0.666524553,1.882206844,-1.409332541,0.244561398,,0.797562239,0.745268541,0.142137361,0.845744173,0.763448478
0.755663138,0.976524226,0.169200678,0.187929034,0.914817822,0.590286596,-0.60020639,1.551407295,0.213252354,2.540227317,-0.269539968,1.007548378,,0.571329368,0.212060817,0.052272367,0.924759733,0.857997907
0.367821586,0.773436884,0.683331318,0.129613455,0.868218766,1.465965913,0.299357859,1.028085312,-0.424392833,2.048928038,-1.112245546,0.467124863,,0.537959776,0.271650952,0.497893261,0.058953075,0.058444236
0.259907998,0.508247316,0.636478388,0.648258362,0.153991223,1.366966903,0.938389936,0.869193867,-0.651078125,1.211332018,-1.735822733,0.353918125,,0.326054034,0.114200192,0.056540905,0.602499771,0.274209486
0.087678335,0.081189518,0.36080604,0.575248359,0.864516771,0.786130605,0.240691413,1.343717582,-0.927971118,1.281472124,-0.56996843,0.15219686,,0.082200346,0.357491397,0.209343447,0.81615619,0.293777223
0.110465544,0.571909637,0.909936445,0.582026051,0.943597602,1.727793144,0.84443062,1.40390338,-1.094398311,1.750199572,-1.540567045,0.018385798,,0.181139641,0.082522882,0.873045116,0.698918573,0.059353005
0.1819948,0.973959221,0.395257912,0.246652095,0.178448991,1.353379089,0.316020388,0.457277611,0.447313317,1.350741492,-1.30631809,0.744858065,,0.135837434,0.428506619,0.616599321,0.773655486,0.236065872
0.745519536,0.250779436,0.429754204,0.14708909,0.581906197,0.504569356,0.356647784,1.252505871,-1.21128513,1.92575147,-0.954973521,0.390580484,,0.64235824,0.596161036,0.914358381,0.890964667,0.032469399
0.247138353,0.93055911,0.31767421,0.360920164,0.910661941,1.232892421,-0.392276831,1.21190736,0.471848745,2.01334376,-0.463266635,0.844682354,,0.872561026,0.478319885,0.558493299,0.946116228,0.033832497
0.149357832,0.095250397,0.451897546,0.680660704,0.860573482,0.886280586,0.356383554,1.461185065,-1.041657518,1.364265233,-0.710717473,0.131843326,,0.418624645,0.916622164,0.02934956,0.46214594,0.753898431
0.717163486,0.798075593,0.278229871,0.65554018,0.401430944,0.691479216,0.002481033,1.560599576,-0.109464836,2.035472226,-0.91935883,0.85218296,,0.070252417,0.081102817,0.508358028,0.940185285,0.623454919
0.720659043,0.715562397,0.203858908,0.322964447,0.132888305,0.578945244,0.199191821,0.974811434,-0.135476411,1.747592367,-1.09323684,0.891886471,,0.835639648,0.282361893,0.636417716,0.643725603,0.622160306
0.47878092,0.993081511,0.229300628,0.836818412,0.967545715,0.997757957,-0.563464234,1.889545406,0.503818752,2.299965242,-0.290174373,1.017937621,,0.120118275,0.830710458,0.179824619,0.459998609,0.280536574
0.085752555,0.359206698,0.687326034,0.563443267,0.248483936,1.390828275,1.031601043,0.81673151,-0.925682588,1.042543039,-1.739907591,0.101928762,,0.232096815,0.357631479,0.670742885,0.502557893,0.719014197
0.706343299,0.294134499,0.249917353,0.481891154,0.335033631,0.416037856,0.29007701,1.309612941,-0.823664298,1.70018559,-0.948885669,0.622546449,,0.987794185,0.052012663,0.657265847,0.481743098,0.143626877
0.61517064,0.995392355,0.767921121,0.532727415,0.617645562,1.387947958,0.577701946,1.490279657,-0.539861833,2.192749719,-1.537635463,0.467276356,,0.54362154,0.839267939,0.982408182,0.2392256,0.024805191
0.392218596,0.826642321,0.246936409,0.620810121,0.571406769,1.031611646,-0.199228831,1.315461423,0.331219851,1.871545135,-0.708690938,0.929957424,,0.532589334,0.235084085,0.694559836,0.775089196,0.541981155
0.481357977,0.74180788,0.841093833,0.118325123,0.525521479,1.514628494,0.911997734,0.85169481,-0.903559541,1.888262325,-1.793380603,0.313798805,,0.477685471,0.436113563,0.66800431,0.149494024,0.832965972
0.627257064,0.318127626,0.508993506,0.971806976,0.094008195,0.798195802,0.887092423,1.45912819,-1.05628601,1.403780574,-1.569607738,0.407465854,,0.421503039,0.877756162,0.886750081,0.482724411,0.79448166
0.256753468,0.937556323,0.387144117,0.810043546,0.110743729,1.299958283,0.383514713,0.986483394,0.377601762,1.346007482,-1.362024998,0.782423517,,0.107778978,0.436190885,0.31212562,0.591935791,0.280137843
0.279858653,0.442369067,0.767327585,0.713826567,0.05158206,1.450959837,1.340489861,0.843706622,-1.028000849,1.093370959,-2.102420107,0.19616332,,0.013600765,0.081718479,0.46343329,0.125086542,0.352668485
0.325999523,0.034348708,0.393455872,0.0252561,0.953821396,0.612245126,0.341396536,0.947164191,-1.228955918,1.466696868,-0.528272484,0.151332905,,0.283886679,0.32438821,0.335708987,0.561085254,0.974822568
0.68177755,0.234795001,0.850459114,0.346625532,0.98944776,1.002559574,0.888077333,1.647169002,-1.953825802,2.13442148,-1.351273503,-0.016581104,,0.783696287,0.265710083,0.615990375,0.004185018,0.52315214
0.483216831,0.766870946,0.897993326,0.661584981,0.883372667,1.579817229,0.76646664,1.667966877,-1.005977589,2.17142263,-1.571299771,0.267047408,,0.800313809,0.460293967,0.035475967,0.593161085,0.465093962
0.646367894,0.517122361,0.836484685,0.273186372,0.318447596,1.221352279,1.192486879,1.004070412,-1.406248558,1.762119528,-1.989790917,0.194750803,,0.127630518,0.055546672,0.823786144,0.6577161,0.710314354
0.663062163,0.740436778,0.284978248,0.650022233,0.382614505,0.750008909,0.051703813,1.463020862,-0.124265664,1.941091453,-0.947118598,0.843114576,,0.382507375,0.19139746,0.630308709,0.221613562,0.872380863
0.28030168,0.384597093,0.115034269,0.594471718,0.559764363,0.763690012,-0.136299429,1.204027288,-0.088659048,1.538512993,-0.562147521,0.813923154,,0.43390018,0.176408048,0.331697949,0.992318254,0.252520846
0.526019879,0.571061969,0.5520475,0.656856228,0.96911036,1.104999623,0.082773979,1.757935615,-0.612791397,2.180051389,-0.767695129,0.526924502,,0.441310196,0.786163797,0.696503664,0.063394619,0.665470938
0.299374423,0.266993335,0.29318292,0.406308578,0.728147199,0.847480186,0.031277864,1.161421454,-0.519397405,1.608784566,-0.612540808,0.560488769,,0.652861381,0.481269216,0.583716442,0.990836416,0.781528077
0.72734945,0.358431132,0.419005202,0.875597891,0.910402275,0.600311748,0.020353926,2.194385684,-0.980710587,2.227443788,-0.610045989,0.489650794,,0.098495492,0.480947457,0.648893314,0.868703524,0.690130354
0.450167024,0.295029562,0.017086032,0.143822809,0.471391121,0.480150941,-0.102608552,0.800599285,-0.259138362,1.570008409,-0.545841712,0.896145901,,0.479128965,0.213498714,0.615678119,0.976223014,0.444260294
0.112964827,0.102024202,0.417371397,0.360158421,0.215601802,0.871880169,0.836761016,0.586854809,-0.961433202,0.794169987,-1.302364374,0.150102202,,0.078862378,0.878706235,0.426199737,0.179735522,0.97683543
0.165083978,0.658401396,0.978884298,0.722694104,0.482861453,1.82158683,1.327214533,1.2142622,-1.160381232,1.499354606,-2.178623708,0.028902212,,0.910721501,0.174144009,0.331190678,0.112442346,0.729319482
0.524537409,0.195389344,0.580055169,0.413987534,0.543697373,0.885190361,0.688558543,1.206430767,-1.285612431,1.622115834,-1.242439594,0.249617432,,0.638433063,0.715526968,0.098877937,0.816329699,0.716602079
0.648903067,0.912277521,0.179519447,0.742314854,0.39868011,0.72830413,-0.161420002,1.551592349,0.264420029,2.006965244,-0.797962065,1.018168303,,0.108746642,0.942701006,0.692911729,0.042588455,0.897538549
0.397345098,0.417874413,0.487470192,0.168710323,0.273868552,1.077208813,0.610112415,0.597051279,-0.620578958,1.415424676,-1.35432344,0.499613527,,0.435269396,0.650662391,0.246393262,0.58940171,0.644928072
0.890354643,0.265914658,0.347059755,0.837815838,0.08020675,0.197382338,0.691726516,1.710668009,-1.298664029,1.613529397,-1.33469452,0.393617471,,0.079989153,0.184531634,0.523488496,0.722640553,0.545709501
0.65203439,0.156421873,0.102874194,0.521490524,0.695351111,0.216531436,-0.071109197,1.587294442,-0.838272848,1.83149555,-0.413000852,0.662817438,,0.067881933,0.492762104,0.97676593,0.132932872,0.204589255
0.587715853,0.258208054,0.715436445,0.441608948,0.513561272,1.006807274,0.917016074,1.278301097,-1.495500169,1.715778831,-1.53151778,0.163650237,,0.602347213,0.059798766,0.213468869,0.79572166,0.357119241
0.504643479,0.354688215,0.235972595,0.55596001,0.873059429,0.689170077,-0.20802107,1.576923209,-0.458253914,1.97880416,-0.393080182,0.721868366,,0.98419508,0.548318028,0.611637971,0.14473514,0.341347189
0.86129444,0.890021369,0.933140606,0.727629044,0.310801726,1.153220364,1.274751666,1.775279205,-1.432380458,2.129024359,-2.231679859,0.148233592,,0.205578466,0.850922582,0.09394312,0.81009481,0.45009014
0.215716834,0.248456307,0.024425296,0.513418341,0.264150934,0.60655277,0.134975064,0.82104184,-0.194142256,1.105467807,-0.760575103,0.773419012,,0.257304984,0.097052921,0.786329951,0.579427273,0.513729534
0.405520652,0.08204721,0.076667411,0.482329648,0.563818329,0.34675192,0.110734002,1.181194064,-0.727551207,1.374469576,-0.515864597,0.59893775,,0.398717962,0.658173211,0.045956202,0.82575798,0.42285086
0.761199336,0.454942856,0.822789296,0.97339953,0.103254241,1.012469835,1.404665941,1.655894825,-1.63221838,1.633375169,-2.173587533,0.128090579,,0.261748799,0.132502513,0.073109719,0.757357342,0.295094224
0.015791352,0.341306631,0.906522294,0.473600485,0.7681779,1.605119075,1.08202567,1.168675831,-1.435794384,1.409463478,-1.707519896,-0.192134161,,0.913936337,0.436386503,0.804206603,0.603175152,0.553293173
0.56112765,0.382213749,0.715491265,0.273494026,0.887764372,1.126346485,0.543809031,1.364020941,-1.252122197,2.062509785,-1.157426794,0.256491605,,0.04947128,0.42372493,0.967546151,0.952993063,0.852523671
0.298660311,0.976973078,0.759567791,0.32843548,0.066988022,1.662634488,1.078149627,0.484571394,-0.257312463,1.357862922,-2.070364216,0.442159217,,0.482471335,0.185463031,0.350858304,0.747153484,0.280153599
0.563810644,0.505155083,0.209560015,0.92036808,0.90197048,0.688096506,-0.347833812,2.02280078,-0.249443806,2.144779835,-0.3311649,0.83278712,,0.219139551,0.432477869,0.088102396,0.089904158,0.22744696
0.449356256,0.592423373,0.128753547,0.721168312,0.994818053,0.76669991,-0.541117518,1.761749238,0.092959964,2.127883545,-0.142591719,0.958549072,,0.7163548,0.305892605,0.002717933,0.722982634,0.708231819
0.410119206,0.591766532,0.867158361,0.924543749,0.939608139,1.538517494,0.733253923,1.900068436,-1.117012078,2.057003025,-1.440529603,0.214319978,,0.875540485,0.613275637,0.842173703,0.813401253,0.920905802
0.016914169,0.353653145,0.003480485,0.484904825,0.475814958,0.710367674,-0.16174976,0.943253946,0.057053785,1.182150478,-0.527671591,0.720320873,,0.730040205,0.941017362,0.836389267,0.196147041,0.945748789
0.444575445,0.671225638,0.183997388,0.888765032,0.993328175,0.861917319,-0.511402054,1.924259839,0.147132885,2.157990183,-0.208684508,0.938497988,,0.481238685,0.133842437,0.217403251,0.499652136,0.110719488
0.547114169,0.333503436,0.586821489,0.662853471,0.772731171,0.980966772,0.406690948,1.660280762,-1.070614803,1.938686743,-1.025532351,0.354437963,,0.566338463,0.619990959,0.831962219,0.130624174,0.955812251
0.48576832,0.606582729,0.343582151,0.253596143,0.701590764,0.954117237,-0.081950152,1.135000559,-0.192871534,1.977707822,-0.708398586,0.752721255,,0.225234847,0.609415174,0.129316945,0.16361844,0.298424528
0.797332734,0.014082222,0.204897276,0.441453384,0.624261149,-0.189357081,0.401415912,1.661690805,-1.607571111,1.623315798,-0.603137826,0.198181101,,0.498916801,0.551114155,0.899674872,0.87874,0.824102186
0.469938809,0.014519383,0.787115127,0.730528735,0.362364587,0.810231199,1.598604256,1.305857475,-2.159413613,1.068383621,-1.83468448,-0.294060246,,0.622497939,0.780854706,0.195736344,0.428697951,0.470128474
0.216615495,0.469075524,0.960536946,0.035046468,0.368248379,1.690602577,1.476129493,0.441950535,-1.413958035,1.353585192,-2.244850811,-0.01385582,,0.237470286,0.675815572,0.615642967,0.709036204,0.592558636
0.851732341,0.298901749,0.05281644,0.36875732,0.869780753,-0.004016484,-0.378566487,1.858392843,-0.812167287,2.28453494,-0.184455359,0.742082977,,0.081909222,0.448883677,0.036705259,0.790340659,0.480947355
0.913539762,0.562917419,0.170655619,0.050914713,0.587106657,0.161786675,-0.193558239,1.439424111,-0.63203374,2.293180216,-0.598975558,0.734015199,,0.454658909,0.016199969,0.01939032,0.828453778,0.566281729
0.395508859,0.490926545,0.920409875,0.365405456,0.622548238,1.552852735,1.138341751,1.104939941,-1.386949691,1.767486204,-1.887770858,0.107541844,,0.402381042,0.851927713,0.456361642,0.331630071,0.078657679
0.000948992,0.799575018,0.765854323,0.292643832,0.106139563,1.694006777,1.116737352,0.39858512,-0.423103622,1.035042734,-2.044691531,0.163247123,,0.460386542,0.043770542,0.970491145,0.599209728,0.635334906
0.377569481,0.804393093,0.074954866,0.239535021,0.22288238,0.862410063,-0.073220027,0.603135354,0.514012787,1.528625011,-0.854953123,1.090069812,,0.17392584,0.50154911,0.055967744,0.758861627,0.907218409
0.538810329,0.636640226,0.138835134,0.626312656,0.877856142,0.70878179,-0.48069971,1.686000374,0.057652218,2.168444703,-0.271078522,0.969921851,,0.999618091,0.053435541,0.595896606,0.91393486,0.824314625
0.532132898,0.593548126,0.808557891,0.153162228,0.183573888,1.365791055,1.22172544,0.618872219,-1.093887304,1.555076053,-2.061094707,0.280808171,,0.219557012,0.087472541,0.755116477,0.020601551,0.909087692
0.394047621,0.240819274,0.841181292,0.614354249,0.22322026,1.308060594,1.47558094,0.990998906,-1.611406323,1.237571581,-2.095884639,0.019745631,,0.710298512,0.950923797,0.739203167,0.003314932,0.147540411
0.20558971,0.508227081,0.512503545,0.028080778,0.357897376,1.268266507,0.521129841,0.420653524,-0.405475506,1.353925418,-1.311568174,0.448849127,,0.627545667,0.658537675,0.684637468,0.839492351,0.497827973
0.835507851,0.656425695,0.154957924,0.718588002,0.808545678,0.325968761,-0.42475903,2.139945027,-0.3401723,2.427875713,-0.359063154,0.851560764,,0.294605747,0.062539104,0.616019342,0.40300339,0.148258474
0.590668049,0.230474836,0.262981236,0.3316242,0.115188624,0.527206405,0.572754333,0.795447009,-0.806102305,1.318716027,-1.185613686,0.591911982,,0.639086036,0.74932426,0.331688215,0.183568417,0.954932587
0.116623284,0.432122942,0.955719859,0.744147685,0.9022046,1.698143203,1.059822192,1.542444082,-1.425995646,1.657343025,-1.698337333,-0.096673231,,0.160408654,0.226394962,0.041936099,0.420645214,0.418403374
0.574106415,0.756203711,0.524207954,0.895120085,0.299919242,1.105668286,0.482618895,1.520161315,-0.351456414,1.780607977,-1.389201215,0.631358793,,0.858225671,0.990596259,0.638404262,0.047252122,0.384155543
0.987783989,0.116849362,0.002879682,0.051820236,0.276185551,-0.483950197,0.241308753,1.300225195,-1.37286435,1.749359069,-0.726698281,0.498074428,,0.192827913,0.592326383,0.538727204,0.196633324,0.323263096
0.209412782,0.251027131,0.873369088,0.627309397,0.225331699,1.460337457,1.540714358,0.894592798,-1.556970628,1.063664552,-2.169634429,-0.076987937,,0.061991064,0.31704758,0.488623739,0.267734382,0.718644915
0.348689809,0.313143415,0.509833348,0.305670223,0.817690898,1.067318583,0.256375313,1.156823369,-0.794385044,1.75732819,-0.847322796,0.396341696,,0.174507605,0.958022515,0.927289263,0.296184694,0.25165145
0.168858686,0.146901622,0.781584202,0.780451625,0.690926523,1.280716396,1.020033962,1.446216367,-1.538897081,1.333755622,-1.494004374,-0.113593322,,0.226556887,0.809979159,0.03826899,0.886609147,0.479981103
0.91335315,0.445025573,0.883663434,0.184469037,0.239745339,0.812924754,1.418817523,1.25613827,-2.045461183,1.914283703,-2.180002737,-0.041048964,,0.79672805,0.40102173,0.63374565,0.651945633,0.586676652
0.912537835,0.492584003,0.043359254,0.072587404,0.79014072,0.000390864,-0.45589622,1.615765015,-0.594697388,2.412747056,-0.254172281,0.826210191,,0.033679824,0.464339888,0.68758183,0.34959977,0.833705151
0.581812159,0.122062466,0.914374508,0.053541336,0.36575565,1.071921319,1.641506764,0.749701787,-2.21560475,1.435519422,-2.129458377,-0.175015538,,0.527602429,0.745685554,0.378787179,0.644461407,0.260730394
0.0530374,0.140438477,0.131631816,0.176434157,0.649140942,0.648609788,0.016395021,0.783749423,-0.48327181,1.177330638,-0.491547317,0.438383556,,0.61019777,0.693121531,0.953925494,0.931110787,0.590798695
0.962072407,0.960710559,0.555544468,0.860341457,0.503795428,0.616689309,0.273408638,2.268677652,-0.721034274,2.431553443,-1.239094246,0.46767278,,0.424466822,0.437820009,0.009456823,0.73440291,0.758245083
0.537513046,0.723252945,0.636209897,0.276129413,0.781778004,1.244918337,0.287135597,1.269592002,-0.557345241,2.139684075,-1.107528622,0.510011589,,0.956215877,0.490939257,0.657203226,0.141995766,0.824961747
0.774025481,0.38200786,0.61692549,0.033320371,0.952137653,0.743399172,0.312975317,1.447092898,-1.344739984,2.31427169,-0.901083873,0.283573673,,0.471789977,0.882078244,0.912394052,0.74398143,0.718652345
0.968075817,0.861903244,0.019378444,0.735227091,0.525006013,0.033877202,-0.433320329,2.173616086,-0.143165422,2.420963571,-0.494561412,0.963196131,,0.581106671,0.682751284,0.90373941,0.453724704,0.644597489
0.527676411,0.783351423,0.532077615,0.374249933,0.700068603,1.175468138,0.136362631,1.296962484,-0.275723759,2.093779485,-1.002397102,0.638989319,,0.506467382,0.128549376,0.933503051,0.563385115,0.697331603
0.982778771,0.130512348,0.559947657,0.236502585,0.080232117,0.101337874,1.163190471,1.282502764,-2.078678302,1.570169167,-1.67034875,-0.035778669,,0.794088374,0.505652682,0.192073491,0.080749107,0.753895978
0.893442994,0.413946199,0.657744442,0.164065258,0.163559685,0.604775763,1.022330103,1.125137049,-1.569455696,1.801546107,-1.766873531,0.182729873,,0.336244292,0.187679441,0.801277606,0.92270621,0.020388025
0.025839174,0.368379679,0.644618685,0.800453746,0.090425593,1.360806962,1.098102035,0.89142382,-0.82069243,0.832997526,-1.814834793,0.097408766,,0.333347313,0.515936018,0.690483061,0.045757395,0.83476803
0.128489995,0.691473242,0.794069035,0.953042462,0.090084068,1.661843409,1.23813406,1.059514417,-0.653132773,1.102736324,-2.122296321,0.202195334,,0.189783766,0.264639778,0.683976079,0.992331794,0.520924504
0.606208643,0.05222324,0.210814906,0.29806741,0.033042272,0.217110472,0.827863057,0.698592589,-1.176164995,1.013029388,-1.201641529,0.401689303,,0.286501464,0.702488077,0.357532726,0.158979666,0.234126351
0.667346062,0.722756861,0.279129494,0.444415907,0.789812113,0.731202165,-0.285665933,1.59998769,-0.147148989,2.274990516,-0.532166408,0.840289239,,0.300407086,0.744117314,0.424829892,0.625858879,0.908628988
0.513765317,0.789046682,0.403111622,0.623314589,0.44398619,1.06321837,0.142869789,1.316811973,-0.047320492,1.86736945,-1.052487732,0.770760443,,0.157783203,0.888581641,0.364855748,0.055942641,0.9201279
0.346010304,0.923792534,0.461727654,0.103840317,0.367773545,1.315927958,0.253350895,0.5831022,0.191179756,1.679472491,-1.219039537,0.738482954,,0.198793371,0.424596026,0.383353218,0.704224423,0.096437361
0.24457172,0.132567477,0.412244001,0.936863752,0.081098589,0.862321613,0.919300224,1.077688799,-0.927557794,0.835474379,-1.429104293,0.282405331,,0.253399998,0.875422261,0.811183887,0.733776546,0.90464263
0.333384389,0.262577792,0.933950549,0.630601996,0.605418805,1.463158224,1.335082364,1.310853641,-1.752756217,1.54284371,-1.939122879,-0.071358485,,0.262814433,0.305029679,0.601910552,0.342483123,0.233727152
0.952898347,0.664650282,0.144618502,0.533303946,0.845557105,0.10930208,-0.465440975,2.18965997,-0.526264767,2.573937949,-0.310041523,0.772963423,,0.866379557,0.816474777,0.059385279,0.698528516,0.928392574
0.003899047,0.705015881,0.239979825,0.746999598,0.724849174,1.129984351,-0.281818767,1.410037343,0.323796903,1.556941317,-0.546374329,0.653923748,,0.612380198,0.815245643,0.819461855,0.851796118,0.613180654
0.596303833,0.974904566,0.026899288,0.538829619,0.402545408,0.662884914,-0.356061102,1.286169435,0.583625853,1.979629275,-0.624718932,1.205390171,,0.522869531,0.999723167,0.094595906,0.886822923,0.462032496
0.139854804,0.205959491,0.425794724,0.662997313,0.178505435,0.996790701,0.762692206,0.860115635,-0.753851037,0.907969103,-1.35230107,0.285056057,,0.314353599,0.353466285,0.294134693,0.268705464,0.759211179
0.309066825,0.56488624,0.677093729,0.659020661,0.18161062,1.40821888,0.960888045,0.935156902,-0.672138046,1.316328217,-1.786538817,0.363098247,,0.257767014,0.26483169,0.906576533,0.036584535,0.506984303
0.956141767,0.682430473,0.527244266,0.002215351,0.492685093,0.49344956,0.340851241,1.389415764,-1.045621181,2.309547474,-1.201571855,0.395102795,,0.198055873,0.273668675,0.820222574,0.194852406,0.347925786
0.513757454,0.289958797,0.14646826,0.505530335,0.492524001,0.544400784,0.023007542,1.242328452,-0.469846863,1.648488095,-0.665214183,0.765221718,,0.693295043,0.544502251,0.021234721,0.840282818,0.981770774
0.994251248,0.508199265,0.312686891,0.188832697,0.855028769,0.122166879,-0.185511912,1.931958036,-1.049414162,2.546856575,-0.512064646,0.491044345,,0.634978362,0.896047127,0.121785982,0.928798115,0.68262182
0.600906046,0.528483139,0.004301094,0.092923109,0.804617616,0.451707472,-0.524749653,1.174576741,-0.02842084,2.129966056,-0.199692741,1.04401133,,0.995844311,0.470966534,0.960872954,0.002112125,0.465028137
0.917397264,0.315759135,0.559705202,0.505721642,0.56896285,0.39904282,0.530442543,1.886097963,-1.595059729,2.137111203,-1.181193632,0.19702968,,0.624187408,0.2204638,0.062770965,0.714913294,0.291056329
0.017877559,0.81585075,0.329718736,0.153048372,0.406330138,1.263807898,0.06092724,0.548608924,0.359362958,1.347527273,-0.984246816,0.622247985,,0.38512356,0.310867898,0.961637607,0.874727101,0.912186895
0.207985213,0.727286166,0.948376098,0.366881533,0.700442158,1.804412414,1.037664157,1.054695187,-0.998191645,1.751835183,-1.88107197,0.115645431,,0.961461581,0.273261647,0.310489776,0.86118506,0.130832311
0.814616496,0.827110813,0.320043019,0.151787483,0.872568648,0.595130912,-0.327483666,1.581370265,-0.274988302,2.51928717,-0.50461836,0.76966137,,0.584076229,0.96144383,0.507655501,0.530775012,0.002088984
0.825314994,0.215201199,0.914337586,0.739412469,0.519562889,0.832452202,1.399361688,1.917058065,-2.361806085,1.921075207,-1.975559012,-0.170907976,,0.05085973,0.17992442,0.981522255,0.843655454,0.66650398
0.429030932,0.550008042,0.37110478,0.568014631,0.026104118,1.006362503,0.603908509,0.778183325,-0.264069161,1.274457349,-1.423230809,0.693183875,,0.196477578,0.254942602,0.244639719,0.588885913,0.84901163
0.231235955,0.47127843,0.897384385,0.049784478,0.820675059,1.622116638,0.94336962,0.834860748,-1.25716746,1.741044477,-1.632503084,0.058583823,,0.138716257,0.332775012,0.330469123,0.678952873,0.065088101
0.279602179,0.358967721,0.145145503,0.380149173,0.290148877,0.777666189,0.159414843,0.744421434,-0.164719383,1.276395126,-0.866058913,0.766977362,,0.062664755,0.357592444,0.509002524,0.717424656,0.300702413
0.790696715,0.025450702,0.282303642,0.267305276,0.077418099,-0.048749187,0.95469209,0.969847358,-1.63178347,1.162185969,-1.248763244,0.177340244,,0.997221716,0.60800929,0.62796551,0.931445376,0.884839737
0.332749222,0.932330633,0.509492648,0.008941037,0.517675625,1.375685318,0.192670145,0.614524742,0.134076783,1.804525597,-1.146770895,0.689449244,,0.410844605,0.603109865,0.319810745,0.065801694,0.31313804
0.275975857,0.480122201,0.928459242,0.566738104,0.052766266,1.635336535,1.694825369,0.695642561,-1.343607625,1.111757608,-2.477840853,0.054393908,,0.105400432,0.804813277,0.655479563,0.335573733,0.845997477
0.249954955,0.423462346,0.478360274,0.782202408,0.995715467,1.166822267,0.023338857,1.683828213,-0.501502316,1.840042752,-0.617711187,0.460056674,,0.582147726,0.397545383,0.303570014,0.337836573,0.312575724
0.16967173,0.17790909,0.705548129,0.898241375,0.097616762,1.239186484,1.365067664,1.024491675,-1.313408873,0.829560384,-1.927339556,-0.002238044,,0.326917672,0.632203268,0.862470183,0.66225985,0.087552062
0.877030562,0.747163423,0.86659997,0.16326331,0.68132215,1.00483079,0.841575098,1.562266459,-1.493414823,2.41426453,-1.697486916,0.148661412,,0.292579018,0.266187172,0.3328488,0.018394775,0.762493871
0.206726399,0.655093078,0.399386685,0.938642677,0.948400683,1.225146576,-0.190069845,1.79386265,-0.010057051,1.887706263,-0.542509337,0.633099605,,0.367972803,0.404276363,0.862164303,0.864389043,0.576080084
0.245780118,0.509491791,0.8961762,0.928344356,0.462619576,1.634459836,1.205230679,1.435046081,-1.202440613,1.490765479,-1.987596463,0.087887554,,0.259042589,0.414225907,0.231578553,0.349245941,0.331100399
0.547582919,0.65805527,0.689091581,0.241799303,0.962905657,1.259047306,0.301247888,1.362500916,-0.763894232,2.238240257,-1.02899957,0.428447063,,0.69735031,0.710446186,0.45502517,0.852864407,0.111963839
0.185969547,0.031998085,0.121192237,0.661502814,0.87626187,0.404081442,0.043016274,1.464439232,-0.813954607,1.27179517,-0.252580027,0.347666515,,0.725536168,0.63479753,0.701468058,0.779895372,0.228737183
0.276192793,0.919112395,0.254162337,0.26410461,0.069521953,1.150155823,0.247639194,0.409853032,0.525724779,1.317934701,-1.219859149,0.918023942,,0.872528904,0.977316319,0.93754383,0.652039472,0.517138487
0.33205628,0.265978816,0.975706445,0.939585595,0.938808316,1.508550758,1.203080404,1.856701654,-1.854217647,1.782016652,-1.714232461,-0.110805852,,0.084547781,0.919426878,0.455138105,0.956911078,0.163107734
0.05678945,0.307461868,0.178054908,0.585786875,0.257343348,0.84976767,0.265440839,0.843524202,-0.215716299,0.986239539,-0.937547581,0.550447304,,0.915000362,0.304985561,0.01666608,0.943561327,0.517468281
0.289858538,0.637287889,0.911544093,0.75704026,0.511476301,1.688080968,1.138141526,1.33052338,-1.074336758,1.639878533,-1.976685221,0.15485132,,0.997986621,0.651522001,0.473676997,0.671131904,0.479048528
0.183016883,0.035385495,0.502025024,0.800752479,0.683629812,0.796833026,0.692148854,1.465858977,-1.321869856,1.142931383,-0.968433542,-0.024200139,,0.607398082,0.58259611,0.473415133,0.933348668,0.503044102
0.856866619,0.629605378,0.650773549,0.406870638,0.698459026,0.773636005,0.416901987,1.784129362,-1.164555333,2.356987799,-1.218564141,0.328955526,,0.272637494,0.292429533,0.287557867,0.024716514,0.02960523
0.034143288,0.49646806,0.797302045,0.849454473,0.224295141,1.587963521,1.205298158,1.073039451,-0.932415076,1.048389742,-1.995249471,0.027502719,,0.302220959,0.937683142,0.818167158,0.681976793,0.884109507
0.348122286,0.886301216,0.85492263,0.079662258,0.706552461,1.694299293,0.741411252,0.850066804,-0.625514583,1.957903496,-1.644640001,0.332576319,,0.815233139,0.104573078,0.259440855,0.800163954,0.277724902
0.379595475,0.787109206,0.012072531,0.686356212,0.341109382,0.791284402,-0.245691659,1.164981698,0.554175379,1.637432833,-0.671036316,1.146734815,,0.995675291,0.825200134,0.179904406,0.334473635,0.133154895
0.096652709,0.391763707,0.499320514,0.469540202,0.493055447,1.221692828,0.4425677,0.952201557,-0.533465347,1.301686377,-1.154545921,0.319704509,,0.877549302,0.598166819,0.986610996,0.21062504,0.489124023
0.87189726,0.158614469,0.137244099,0.686285117,0.233643754,-0.081648801,0.374272387,1.678013752,-1.207386553,1.644732995,-0.913464368,0.515760261,,0.155493546,0.680839919,0.815047034,0.550067685,0.300550709
0.542100829,0.155254586,0.436510828,0.883977168,0.408249269,0.680099992,0.612833438,1.574853563,-1.148455247,1.476566388,-1.139049728,0.349179165,,0.02036989,0.295392578,0.037968958,0.088757876,0.25996115
0.79452157,0.977414722,0.362866279,0.950299985,0.46182014,0.724015929,-0.000548856,2.027142822,-0.098879258,2.232514056,-0.97562349,0.792804941,,0.565496743,0.187759762,0.917510376,0.264220657,0.202221681
0.387671744,0.30295948,0.299407796,0.146917066,0.791002688,0.82074547,-0.033626055,1.0082651,-0.524762499,1.770357451,-0.558056964,0.609601622,,0.526493792,0.252380319,0.114486739,0.101421814,0.508368481
0.668492941,0.546920065,0.461659155,0.873342807,0.259876498,0.832565382,0.511954152,1.577186818,-0.668878098,1.743243179,-1.326827893,0.577740013,,0.465000571,0.116302481,0.859349769,0.758520933,0.180407667
0.113006503,0.026594075,0.059197974,0.310753725,0.378939062,0.34491648,0.392561286,0.6934592,-0.748672686,0.781430484,-0.682046205,0.339527035,,0.133667675,0.033167893,0.786284608,0.038024699,0.822880772
0.770482416,0.438338321,0.639806065,0.981647601,0.183009144,0.805794728,0.954492018,1.75728004,-1.291786137,1.712103518,-1.713103977,0.296665014,,0.818558357,0.447935656,0.861435054,0.421528441,0.556083798
0.868136443,0.492229959,0.124442644,0.093365545,0.428574249,0.160349413,-0.072625011,1.262600849,-0.604380334,2.073278516,-0.703942813,0.779600568,,0.830170021,0.581349062,0.62021278,0.90923693,0.626784119
0.230648142,0.090134858,0.958198995,0.171077946,0.446920237,1.353364627,1.726442519,0.656466823,-2.121696538,1.111202652,-2.160076791,-0.332385221,,0.365284485,0.668581073,0.995601597,0.388260824,0.34643035
0.047342172,0.448450498,0.912485558,0.270291433,0.239787795,1.675673144,1.487579776,0.510029213,-1.278867058,1.050267537,-2.250717347,-0.1019558,,0.429213642,0.784607151,0.67066309,0.712032095,0.726772448
0.576164594,0.856738975,0.87909335,0.88403716,0.630158708,1.49689274,0.869676834,1.80527579,-0.93417649,2.115202615,-1.778556147,0.314870634,,0.841592985,0.338913513,0.814979381,0.368552288,0.728492325
0.682455556,0.525296165,0.06403826,0.757687077,0.68841916,0.405158664,-0.376049973,1.858749834,-0.199716619,2.124638717,-0.377714028,0.9595377,,0.063415786,0.26436545,0.14893119,0.109612112,0.259310446
0.296639175,0.187455307,0.55362369,0.382360164,0.040155286,1.037940531,1.127089046,0.51049946,-1.067773035,0.909095312,-1.699389897,0.227332326,,0.949655285,0.836703387,0.380588404,0.807021042,0.514383275
0.474837643,0.178376488,0.821789467,0.627047217,0.045619096,1.159237631,1.666044234,0.898121279,-1.758741808,1.083359869,-2.228947364,-0.00950366,,0.154428737,0.865016191,0.076236102,0.053004877,0.191603196
0.136575992,0.887660982,0.713258165,0.980128714,0.468389586,1.655661936,0.628122468,1.45023162,-0.210564393,1.549082669,-1.57223956,0.365721598,,0.954403161,0.123320373,0.87055188,0.179690693,0.474074943
0.855550943,0.651502895,0.897392851,0.376975562,0.683547541,1.03233165,0.954745163,1.740490511,-1.666757217,2.354004691,-1.76965137,0.093096891,,0.668923604,0.756792677,0.229470874,0.47189436,0.697543566
0.090118775,0.289262549,0.826777978,0.256207759,0.597617303,1.480005638,1.061918107,0.8270035,-1.343451299,1.314142176,-1.688324205,-0.083431543,,0.717194279,0.595423514,0.38290862,0.136218408,0.014427341
0.124612266,0.193010989,0.304717418,0.912090587,0.052300782,0.867099826,0.726054133,0.979895745,-0.600848303,0.754799832,-1.303940917,0.382277256,,0.65989,0.157582181,0.327692097,0.446908484,0.27390157
0.927375946,0.143490414,0.826082305,0.102885313,0.085226835,0.489585424,1.675698832,1.048035155,-2.47735826,1.536028907,-2.199124958,-0.23520324,,0.149396564,0.817722946,0.500033074,0.249160644,0.972759289
0.169377968,0.360760891,0.313294631,0.525784394,0.132336811,0.99648523,0.52409413,0.686424169,-0.323973015,1.013208342,-1.235587694,0.539273936,,0.797135628,0.010724104,0.261953353,0.043781941,0.619925183
0.336426078,0.96487386,0.714769835,0.151024944,0.320913639,1.589738782,0.740131095,0.579641138,-0.203873429,1.640011219,-1.722802597,0.49662519,,0.40811058,0.022365478,0.50587984,0.738219441,0.880324217
0.420793728,0.240626867,0.040126427,0.96243385,0.499279804,0.485046158,-0.059838106,1.618294594,-0.355395771,1.521574203,-0.541662565,0.825587032,,0.334068804,0.340818965,0.056434571,0.725530109,0.731662862
0.596153666,0.472658966,0.505572311,0.866318935,0.931817837,0.92913457,0.07626727,2.024423509,-0.761712878,2.177820499,-0.726116266,0.514143614,,0.189436982,0.698593518,0.407310778,0.919872288,0.260919504
0.565786828,0.75239717,0.142649232,0.566669876,0.220902617,0.732061752,0.02468753,1.105895006,0.188484509,1.694424479,-0.932422564,1.012550116,,0.762042908,0.65607974,0.419911229,0.808213538,0.978480414
0.805434313,0.369948242,0.913846916,0.250861894,0.829119403,0.982994442,1.038689169,1.636923118,-2.054802152,2.260643063,-1.664778517,-0.039265077,,0.26735483,0.014600039,0.807462677,0.33389632,0.267626942
0.424694668,0.941794777,0.328729041,0.291071062,0.349231869,1.128572646,0.066816077,0.813612768,0.352436994,1.747079979,-1.039969519,0.895809232,,0.0235195,0.516627331,0.599538598,0.642490192,0.134023745
0.248940859,0.322582555,0.911769506,0.479512736,0.553032293,1.53562345,1.277627027,1.066754213,-1.54228595,1.46003628,-1.935690156,-0.038974703,,0.090179708,0.484843368,0.268627674,0.373844857,0.328113552
0.934700183,0.107739946,0.945439347,0.00691991,0.097900651,0.547612692,2.000361871,0.978328679,-2.864030694,1.508282297,-2.476043334,-0.408565819,,0.60135734,0.69958443,0.143719796,0.444851735,0.313468754
0.652539117,0.324353497,0.186126829,0.194642314,0.795460911,0.44739777,-0.196689513,1.334635911,-0.618950587,2.053803656,-0.409114115,0.727683229,,0.881688885,0.401863979,0.836594459,0.226207873,0.252597787
0.961856375,0.973518359,0.726068875,0.199290924,0.657862212,0.791994889,0.464418903,1.735885226,-1.027494847,2.564376691,-1.409077007,0.301713514,,0.131602267,0.077749296,0.852070978,0.383755532,0.453743543
0.522805278,0.515080916,0.717812814,0.907180132,0.346360011,1.246088891,0.908867021,1.519981728,-1.0065877,1.663882951,-1.703584682,0.333268541,,0.799213717,0.779364249,0.739751387,0.714070564,0.10580896
0.148385154,0.882425499,0.38143369,0.849492358,0.83954502,1.318579123,-0.239120392,1.615849873,0.355188376,1.851888101,-0.624837536,0.704096897,,0.725791136,0.759412296,0.56778956,0.349212883,0.981290097
0.122253296,0.559028604,0.876918404,0.122982419,0.885998861,1.685752724,0.805154365,0.912475457,-1.035618799,1.720580654,-1.517482862,0.054169212,,0.292886962,0.063056191,0.275997667,0.135187996,0.666773855
0.340539608,0.11046152,0.434384211,0.501629732,0.244323546,0.798228139,0.822300812,0.859496973,-1.069706533,1.062250777,-1.299688435,0.269999325,,0.286186083,0.766740581,0.72152751,0.50038195,0.30928896
0.411735115,0.35848142,0.252524571,0.270024344,0.685696304,0.793375753,-0.056317951,1.072762238,-0.387938523,1.755324191,-0.601574821,0.700061726,,0.96788057,0.980877817,0.363773448,0.130533812,0.44358146
0.685334716,0.189906638,0.63540059,0.71841514,0.824652849,0.740512447,0.578670509,1.922410989,-1.59275972,1.994442422,-1.063125366,0.155045983,,0.515423847,0.060078266,0.252336434,0.249802694,0.511470268
0.449919257,0.006464582,0.291682918,0.423484389,0.923828885,0.275541551,0.35447711,1.423827125,-1.348355264,1.434120626,-0.414849594,0.142094972,,0.555045551,0.271063505,0.664845341,0.81584389,0.75840049
0.760102665,0.980533099,0.276430118,0.625519474,0.305945077,0.692142522,0.023751851,1.504470035,0.077830687,2.05476563,-1.012469739,0.899384951,,0.20552902,0.949307371,0.176374741,0.585659423,0.588821048
0.673166747,0.7109351,0.824557532,0.353404689,0.246619071,1.263907681,1.144240984,1.050684886,-1.13058608,1.809797093,-2.034252258,0.287959364,,0.297942954,0.077667959,0.181007986,0.7973626,0.228533378
0.540960056,0.405755424,0.86721496,0.997112055,0.628573919,1.314900523,1.051957268,1.877741684,-1.526831472,1.869275248,-1.751698541,0.121430659,,0.818261649,0.181151382,0.41519428,0.022152387,0.365089162
0.468977564,0.235596454,0.436790721,0.266776743,0.061603081,0.834472992,0.868545784,0.548280824,-0.914453411,1.148163915,-1.486129054,0.429869114,,0.180468544,0.465167519,0.93375643,0.533234467,0.268679845
0.879580573,0.268198957,0.802611498,0.317120406,0.576822318,0.673839591,1.04110728,1.636145552,-2.09193347,2.069833813,-1.654538202,-0.051802832,,0.954043854,0.672706669,0.224714554,0.400353282,0.468086811
0.390278189,0.972337634,0.300787628,0.700433511,0.238855943,1.13916342,0.123638351,1.089341781,0.459791013,1.617562251,-1.11206647,0.927866353,,0.367314582,0.299333414,0.221213818,0.740521857,0.953188606
0.294551816,0.650274476,0.909415129,0.710930834,0.713257816,1.689015374,0.962208022,1.451992517,-1.052995229,1.815213744,-1.769612134,0.164736932,,0.800204878,0.487599405,0.577599435,0.228856459,0.042483854
0.925602264,0.126015757,0.298195442,0.405065394,0.272573846,-0.057193418,0.576863267,1.531016093,-1.576798209,1.696164103,-1.07485126,0.272017962,,0.697322722,0.218092427,0.075417752,0.256401241,0.540684856
0.596048417,0.44430175,0.016194117,0.556521174,0.608287657,0.423981549,-0.318198297,1.483257992,-0.16423677,1.930572667,-0.408038295,0.987641732,,0.92091688,0.0065035,0.601664506,0.513465229,0.479078433
0.477991048,0.805044473,0.469535527,0.919484693,0.295674093,1.171324962,0.377601577,1.439344893,-0.092417303,1.699640683,-1.303577119,0.710244956,,0.559118201,0.688972104,0.992512713,0.441707608,0.994228966
0.663513452,0.249689281,0.53921354,0.784867628,0.36862446,0.728662868,0.724625756,1.585450366,-1.275519213,1.653545518,-1.346033362,0.31374924,,0.240227075,0.212431412,0.531303677,0.967116467,0.205898732
0.921243709,0.824840972,0.201473875,0.222772725,0.720267917,0.290612365,-0.37421025,1.731048766,-0.309224819,2.51865824,-0.502936363,0.808908324,,0.248560782,0.664945967,0.107310894,0.015196095,0.139400643
0.339266698,0.955279501,0.251032718,0.781250789,0.192204051,1.120796088,0.109464054,1.087375503,0.539690733,1.515154782,-1.093148087,0.95799735,,0.002828515,0.895443814,0.332329458,0.61780283,0.853979124
0.86011403,0.36485145,0.928308673,0.367233832,0.06012863,0.903072513,1.755573727,1.167122381,-2.190610827,1.634766419,-2.470097487,-0.093430803,,0.856389602,0.505342869,0.722669719,0.782837628,0.998950642
0.02062725,0.358539637,0.744569691,0.65678136,0.813317381,1.454559647,0.668549256,1.383777357,-1.037005616,1.457613203,-1.292217828,-0.013952485,,0.923510902,0.918913501,0.578607041,0.947411549,0.315628369
0.147082284,0.481151975,0.897130856,0.588392336,0.338093102,1.659097051,1.337268127,0.941714284,-1.2094381,1.262370427,-2.114463168,0.011917623,,0.15599536,0.399337107,0.322291102,0.474991144,0.115721009
0.480575982,0.80153006,0.113002281,0.373713567,0.563534117,0.810958222,-0.343451902,1.138844015,0.379851514,1.943662371,-0.55610037,1.065529642,,0.387631346,0.753895966,0.842255345,0.132223534,0.249114214
0.981789268,0.468207671,0.688446499,0.90228157,0.409502379,0.501044762,0.815959369,2.264344637,-1.709814764,2.156450598,-1.58111832,0.105941032,,0.471051165,0.609759781,0.432772961,0.270886497,0.571122209
0.381502582,0.462897608,0.030847274,0.766802348,0.356161239,0.658864789,-0.090912716,1.26102553,0.059587142,1.503743279,-0.675166742,0.978672823,,0.39828736,0.133196235,0.035555424,0.763130825,0.680719232
0.152732782,0.011297552,0.677350286,0.589462945,0.912930937,0.87840848,0.952969751,1.404089444,-1.756298698,1.168417475,-1.055723507,-0.32355931,,0.947970201,0.630719286,0.333968098,0.960980121,0.10486509
0.718126794,0.088896881,0.103399894,0.759563489,0.770028181,0.03399581,-0.033522701,1.971425051,-1.08944198,1.860584272,-0.338906596,0.545322816,,0.467752349,0.1499532,0.692936709,0.005879333,0.664625495
0.359710046,0.401060531,0.789642727,0.578923667,0.610851906,1.397708306,0.891586941,1.281880499,-1.193483242,1.670732458,-1.591757447,0.178132898,,0.930887315,0.604183627,0.230653693,0.534461478,0.710282452
0.681989253,0.566226531,0.285467493,0.093430677,0.890014483,0.647658877,-0.27399776,1.335620881,-0.401965913,2.286370841,-0.440369345,0.758713144,,0.157067836,0.161335882,0.558352543,0.549727046,0.957620673
0.009983245,0.903390319,0.636121155,0.607475607,0.06010983,1.602721695,0.862365129,0.667648911,-0.019148113,1.036757089,-1.829029142,0.34046263,,0.274733176,0.987696208,0.164085906,0.862311056,0.776536185
